<?xml version="1.0" encoding="UTF-8"?>
<project-private xmlns="http://www.netbeans.org/ns/project-private/1">
    <editor-bookmarks xmlns="http://www.netbeans.org/ns/editor-bookmarks/2" lastBookmarkId="0"/>
    <open-files xmlns="http://www.netbeans.org/ns/projectui-open-files/2">
        <group>
            <file>file:/C:/Users/memac/Downloads/SIDETEC%20(7)/SIDETEC/src/GUI/MenuDentista.java</file>
            <file>file:/C:/Users/memac/Downloads/SIDETEC%20(7)/SIDETEC/src/ClasesSQL/ExpedienteClínico.java</file>
            <file>file:/C:/Users/memac/Downloads/SIDETEC%20(7)/SIDETEC/src/GUI/MenuSecretaria2.java</file>
            <file>file:/C:/Users/memac/Downloads/SIDETEC%20(7)/SIDETEC/.git/config</file>
            <file>file:/C:/Users/memac/Downloads/SIDETEC%20(7)/SIDETEC/src/ClasesSQL/Paciente.java</file>
            <file>file:/C:/Users/memac/Downloads/SIDETEC%20(7)/SIDETEC/src/ClasesSQL/Usuario.java</file>
        </group>
    </open-files>
</project-private>
